{
    "0.1": [
        0.6222222222222222,
        0.6111111111111112,
        0.6555555555555556,
        0.6444444444444445,
        0.6666666666666666
    ],
    "0.2": [
        0.7,
        0.7,
        0.7,
        0.7,
        0.675
    ],
    "0.3": [
        0.4714285714285714,
        0.6142857142857143,
        0.4714285714285714,
        0.5428571428571428,
        0.7285714285714285
    ],
    "0.4": [
        0.7,
        0.6333333333333333,
        0.6166666666666667,
        0.7333333333333333,
        0.5833333333333334
    ],
    "0.5": [
        0.8,
        0.82,
        0.82,
        0.82,
        0.8
    ],
    "0.6": [
        0.8,
        0.8,
        0.8,
        0.775,
        0.8
    ],
    "0.7": [
        0.8,
        0.8,
        0.8,
        0.8,
        0.8
    ],
    "0.8": [
        0.75,
        0.7,
        0.75,
        0.65,
        0.75
    ],
    "0.9": [
        0.9,
        0.9,
        0.9,
        0.9,
        0.9
    ]
}