{
    "0.1": [
        0.6111111111111112,
        0.6222222222222222,
        0.6555555555555556,
        0.5333333333333333,
        0.6666666666666666,
        0.6222222222222222,
        0.6666666666666666,
        0.5333333333333333,
        0.6333333333333333,
        0.6444444444444445,
        0.4222222222222222,
        0.6444444444444445,
        0.5333333333333333,
        0.5888888888888889,
        0.6222222222222222
    ],
    "0.2": [
        0.7,
        0.7,
        0.7,
        0.6875,
        0.675,
        0.725,
        0.7,
        0.6625,
        0.7,
        0.6875,
        0.6875,
        0.7,
        0.6875,
        0.7,
        0.6875
    ],
    "0.3": [
        0.4857142857142857,
        0.5571428571428572,
        0.6142857142857143,
        0.4714285714285714,
        0.4714285714285714,
        0.6571428571428571,
        0.5857142857142857,
        0.4857142857142857,
        0.6142857142857143,
        0.4857142857142857,
        0.6142857142857143,
        0.6714285714285714,
        0.4857142857142857,
        0.5571428571428572,
        0.5
    ],
    "0.4": [
        0.75,
        0.6833333333333333,
        0.7666666666666667,
        0.6833333333333333,
        0.7666666666666667,
        0.7833333333333333,
        0.75,
        0.6166666666666667,
        0.75,
        0.7333333333333333,
        0.7333333333333333,
        0.6666666666666666,
        0.6333333333333333,
        0.75,
        0.7833333333333333
    ],
    "0.5": [
        0.82,
        0.82,
        0.82,
        0.6,
        0.82,
        0.82,
        0.82,
        0.8,
        0.82,
        0.82,
        0.78,
        0.78,
        0.54,
        0.82,
        0.78
    ],
    "0.6": [
        0.8,
        0.75,
        0.8,
        0.8,
        0.8,
        0.8,
        0.8,
        0.8,
        0.75,
        0.8,
        0.775,
        0.775,
        0.8,
        0.8,
        0.675
    ],
    "0.7": [
        0.7333333333333333,
        0.7666666666666667,
        0.8,
        0.8,
        0.7333333333333333,
        0.8,
        0.8,
        0.8,
        0.8,
        0.6333333333333333,
        0.7666666666666667,
        0.7666666666666667,
        0.8,
        0.8,
        0.8
    ],
    "0.8": [
        0.75,
        0.75,
        0.75,
        0.75,
        0.75,
        0.75,
        0.75,
        0.75,
        0.75,
        0.75,
        0.75,
        0.7,
        0.7,
        0.75,
        0.75
    ],
    "0.9": [
        0.9,
        0.9,
        0.9,
        0.9,
        0.9,
        0.9,
        0.9,
        0.9,
        0.9,
        0.9,
        0.9,
        0.9,
        0.9,
        0.9,
        0.9
    ]
}